model,waic,se_waic,waic_weight,looic,se_looic,loo_weight
full_model,13332.7722766652,84.1366900044936,0.6492,13334.3138381427,84.1505605170991,0.6496
int_model,13334.0191307166,84.1818147737357,0.3481,13335.5624371424,84.1958646181945,0.3479
null_model,13343.7282178182,83.8143717701447,0.0027,13345.4326088165,83.8297845605949,0.0025
