model,waic,se_waic,waic_weight,looic,se_looic,loo_weight
numeric_delay_model,14277.3332829477,87.6135265813193,0.6133,14278.8225005019,87.6266990380584,0.6106
quad_model,14279.4337441629,87.514401811377,0.2146,14280.9002253249,87.5272741837727,0.2161
int_model,14279.8737179633,87.5498144623738,0.1722,14281.3401903335,87.5630529016137,0.1734
