model,waic,se_waic,waic_weight,looic,se_looic,loo_weight
factor_delay_model,14207.3601999197,88.450755153014,1,14209.5785660574,88.4732486338773,1
binary_delay_model,14230.8224752127,87.9802556170346,0,14232.8082774692,87.9998272555531,0
numeric_delay_model,14277.3332829477,87.6135265813193,0,14278.8225005019,87.6266990380584,0
null_model,14288.8819437613,87.2047020831787,0,14290.5158638345,87.2188414926882,0
