model,waic,se_waic,waic_weight,looic,se_looic,loo_weight
quad_model,14230.3079130752,87.9683863506933,0.3377,14232.3110652398,87.9882575492548,0.3343
int_model,14232.7890891308,88.0068960978763,0.0977,14234.7981294409,88.0270365009684,0.0964
numeric_delay_model,14279.2800732591,87.6447448148706,NA,14280.7688229765,87.6582624526996,NA
