model,waic,se_waic,waic_weight,looic,se_looic,loo_weight
full_model,13332.7722766652,84.1366900044936,0.9958,13334.3138381427,84.1505605170991,0.9962
null_model,13343.7282178182,83.8143717701447,0.0042,13345.4326088165,83.8297845605949,0.0038
