model,waic,se_waic,waic_weight,looic,se_looic,loo_weight
binary_delay_model,14229.279559606,87.9764997450135,0.5647,14231.2468406609,87.9956672117666,0.5692
quad_model,14230.3079130752,87.9683863506933,0.3377,14232.3110652398,87.9882575492548,0.3343
int_model,14232.7890891308,88.0068960978763,0.0977,14234.7981294409,88.0270365009684,0.0964
