model,waic,se_waic,waic_weight,looic,se_looic,loo_weight
factor_delay_model,14206.8250753376,88.5059984117179,1,14209.0167723599,88.527596763546,1
binary_delay_model,14229.279559606,87.9764997450135,0,14231.2468406609,87.9956672117666,0
numeric_delay_model,14279.2800732591,87.6447448148706,0,14280.7688229765,87.6582624526996,0
null_model,14788.288053847,80.551274298228,0,14789.179664455,80.5588095290128,0
