model,waic,se_waic,waic_weight,looic,se_looic,loo_weight
full_model,14278.5022681039,87.5374622903949,0.4692,14279.9499271073,87.5500911442633,0.4715
quad_model,14279.4337441629,87.514401811377,0.2945,14280.9002253249,87.5272741837727,0.2932
int_model,14279.8737179633,87.5498144623738,0.2363,14281.3401903335,87.5630529016137,0.2353
