model,waic,se_waic,waic_weight,looic,se_looic,loo_weight
full_model,14278.5022681039,87.5374622903949,0.9945,14279.9499271073,87.5500911442633,0.9949
null_model,14288.8819437613,87.2047020831787,0.0055,14290.5158638345,87.2188414926882,0.0051
