model,waic,se_waic,weight
full_model,13332.7722766652,84.1366900044936,0.9958
null_model,13343.7282178182,83.8143717701447,0.0042
