model,waic,se_waic,waic_weight,looic,se_looic,loo_weight
base_model,14140.2541058485,87.1132595489811,0.9233,14141.5268024733,87.124834493436,0.9243
no_phylogeny_model,14145.2295617277,87.0192587901301,0.0767,14146.5307625245,87.0313135659849,0.0757
